setting,bird_id,n,noise_n,noise_fraction,assigned_n,categories,entropy_including_noise,entropy_assigned
mcs64_ms20,Aq_12,630,45,0.07142857142857142,585,6,1.3359204134689295,1.0388948627379038
mcs64_ms20,Aq_26_HP,2211,42,0.018995929443690638,2169,7,1.6842972075306486,1.5785173619246005
mcs64_ms20,Aq_30_HP,1318,23,0.017450682852807285,1295,8,1.460251606034522,1.357056125000325
mcs64_ms20,Aq_31_HP,1973,7,0.0035478966041561076,1966,5,1.290635328795207,1.2611245332071959
mcs64_ms20,Aq_33_HP,2019,22,0.010896483407627538,1997,10,1.9131204947934068,1.8465621854077505
mcs64_ms20,Aq_51_HP,4121,35,0.008493084202863382,4086,9,1.6126276624217555,1.5552072823624954
mcs64_ms20,DG_1,780,7,0.008974358974358974,773,6,1.374226922233865,1.3120876557645906
mcs64_ms20,Lime_21_Y_106,3196,25,0.007822277847309137,3171,9,1.97172917382264,1.9207712424203676
mcs64_ms20,Lime_22_Y_107,104,33,0.3173076923076923,71,1,0.9014296082981942,-0.0
mcs64_ms20,Lime_23_Y_108,447,76,0.17002237136465326,371,3,0.9920668861108328,0.4027951142065492
mcs64_ms20,Lime_24_Y_109,972,25,0.0257201646090535,947,2,0.2337900561059135,0.0629572424741897
mcs64_ms20,Lime_29,1090,78,0.07155963302752294,1012,6,1.8311553314006228,1.5719245498562264
mcs64_ms20,Lime_30,1268,58,0.04574132492113565,1210,6,1.6709587560488275,1.4701836546169518
mcs64_ms20,Lime_31_Y_641_06,1047,13,0.012416427889207259,1034,8,1.9640757408903178,1.8911395621441804
mcs64_ms20,Lime_72_Y,5007,5,0.0009986019572598363,5002,6,0.9102526277059417,0.8997573013570447
mcs64_ms20,Lime_74_Y,4878,10,0.002050020500205002,4868,10,2.8838799086877462,2.8684988871360613
mcs32_ms20,Aq_12,630,45,0.07142857142857142,585,7,1.3390950166435325,1.0423136661567072
mcs32_ms20,Aq_26_HP,2211,42,0.018995929443690638,2169,7,1.6842972075306486,1.5785173619246005
mcs32_ms20,Aq_30_HP,1318,24,0.018209408194233688,1294,8,1.4572188480466646,1.350546219181224
mcs32_ms20,Aq_31_HP,1973,7,0.0035478966041561076,1966,5,1.290635328795207,1.2611245332071959
mcs32_ms20,Aq_33_HP,2019,22,0.010896483407627538,1997,10,1.9131204947934068,1.8465621854077505
mcs32_ms20,Aq_51_HP,4121,35,0.008493084202863382,4086,9,1.6126276624217555,1.5552072823624954
mcs32_ms20,DG_1,780,7,0.008974358974358974,773,6,1.374226922233865,1.3120876557645906
mcs32_ms20,Lime_21_Y_106,3196,25,0.007822277847309137,3171,10,2.0007135891619923,1.9499841693912185
mcs32_ms20,Lime_22_Y_107,104,33,0.3173076923076923,71,1,0.9014296082981942,-0.0
mcs32_ms20,Lime_23_Y_108,447,43,0.09619686800894854,404,4,1.1599597286850907,0.7779758805376431
mcs32_ms20,Lime_24_Y_109,972,25,0.0257201646090535,947,2,0.2337900561059135,0.0629572424741897
mcs32_ms20,Lime_29,1090,78,0.07155963302752294,1012,6,1.8311553314006228,1.5719245498562264
mcs32_ms20,Lime_30,1268,58,0.04574132492113565,1210,6,1.6709587560488275,1.4701836546169518
mcs32_ms20,Lime_31_Y_641_06,1047,18,0.017191977077363897,1029,8,1.976632437738566,1.8836462525515816
mcs32_ms20,Lime_72_Y,5007,5,0.0009986019572598363,5002,6,0.9102526277059417,0.8997573013570447
mcs32_ms20,Lime_74_Y,4878,13,0.0026650266502665026,4865,10,2.8873099598941123,2.868324093767041
mcs128_ms20,Aq_12,630,43,0.06825396825396825,587,7,1.3546569291556676,1.068191477158221
mcs128_ms20,Aq_26_HP,2211,41,0.01854364540931705,2170,8,1.687380744196124,1.583562211941656
mcs128_ms20,Aq_30_HP,1318,23,0.017450682852807285,1295,8,1.460251606034522,1.357056125000325
mcs128_ms20,Aq_31_HP,1973,7,0.0035478966041561076,1966,5,1.290635328795207,1.2611245332071959
mcs128_ms20,Aq_33_HP,2019,20,0.009905894006934125,1999,10,1.9094648494719135,1.8475983363380726
mcs128_ms20,Aq_51_HP,4121,32,0.007765105556903664,4089,9,1.6100453342411658,1.556549124426318
mcs128_ms20,DG_1,780,6,0.007692307692307693,774,6,1.3722906872602878,1.3173510821685124
mcs128_ms20,Lime_21_Y_106,3196,25,0.007822277847309137,3171,9,1.97172917382264,1.9207712424203676
mcs128_ms20,Lime_22_Y_107,104,33,0.3173076923076923,71,1,0.9014296082981942,-0.0
mcs128_ms20,Lime_23_Y_108,447,76,0.17002237136465326,371,3,0.9920668861108328,0.4027951142065492
mcs128_ms20,Lime_24_Y_109,972,25,0.0257201646090535,947,2,0.2337900561059135,0.0629572424741897
mcs128_ms20,Lime_29,1090,60,0.05504587155963303,1030,7,1.886925319757304,1.6714766772530059
mcs128_ms20,Lime_30,1268,56,0.04416403785488959,1212,6,1.6692457736927733,1.4732413320380449
mcs128_ms20,Lime_31_Y_641_06,1047,8,0.007640878701050621,1039,8,1.9469171931277205,1.8966973836666434
mcs128_ms20,Lime_72_Y,5007,4,0.000798881565807869,5003,6,0.9087182838679623,0.9000649709978048
mcs128_ms20,Lime_74_Y,4878,10,0.002050020500205002,4868,10,2.8838799086877462,2.8684988871360613
mcs64_ms40,Aq_12,630,209,0.33174603174603173,421,6,1.060630685053565,0.21538269053590878
mcs64_ms40,Aq_26_HP,2211,520,0.23518769787426505,1691,11,2.310514197893836,1.992081734660955
mcs64_ms40,Aq_30_HP,1318,763,0.578907435508346,555,13,1.7642301851474131,1.8577175721535486
mcs64_ms40,Aq_31_HP,1973,382,0.193613786112519,1591,12,3.0576143692182294,2.9125548348688484
mcs64_ms40,Aq_33_HP,2019,283,0.14016840019811788,1736,15,3.0526845418886874,2.8703351629862066
mcs64_ms40,Aq_51_HP,4121,1421,0.3448192186362533,2700,16,3.1839908260678067,3.441240971614299
mcs64_ms40,DG_1,780,368,0.4717948717948718,412,10,2.37773071297086,2.6126731272355355
mcs64_ms40,Lime_21_Y_106,3196,491,0.15362953692115144,2705,13,3.024086760719982,2.8418259917980087
mcs64_ms40,Lime_22_Y_107,104,104,1.0,0,0,-0.0,
mcs64_ms40,Lime_23_Y_108,447,269,0.6017897091722595,178,4,1.49683437792197,1.3232714983254392
mcs64_ms40,Lime_24_Y_109,972,511,0.5257201646090535,461,8,2.15653928284312,2.442542992875798
mcs64_ms40,Lime_29,1090,525,0.481651376146789,565,8,1.6755563706324172,1.3051602487111156
mcs64_ms40,Lime_30,1268,487,0.3840694006309148,781,12,2.5203963093292514,2.5319911549753
mcs64_ms40,Lime_31_Y_641_06,1047,435,0.4154727793696275,612,9,2.364951191593163,2.37057601829998
mcs64_ms40,Lime_72_Y,5007,505,0.10085879768324346,4502,13,2.6954276257915124,2.473155049016687
mcs64_ms40,Lime_74_Y,4878,646,0.13243132431324314,4232,17,3.5467672723972603,3.437997197351815
