setting,bird_id,category,count
mcs64_ms20,Aq_12,-1,45
mcs64_ms20,Aq_12,0,1
mcs64_ms20,Aq_12,1,3
mcs64_ms20,Aq_12,2,2
mcs64_ms20,Aq_12,3,2
mcs64_ms20,Aq_12,13,383
mcs64_ms20,Aq_12,20,194
mcs64_ms20,Aq_26_HP,-1,42
mcs64_ms20,Aq_26_HP,1,7
mcs64_ms20,Aq_26_HP,3,1
mcs64_ms20,Aq_26_HP,5,3
mcs64_ms20,Aq_26_HP,7,1
mcs64_ms20,Aq_26_HP,17,740
mcs64_ms20,Aq_26_HP,19,468
mcs64_ms20,Aq_26_HP,20,949
mcs64_ms20,Aq_30_HP,-1,23
mcs64_ms20,Aq_30_HP,1,3
mcs64_ms20,Aq_30_HP,2,1
mcs64_ms20,Aq_30_HP,3,2
mcs64_ms20,Aq_30_HP,5,1
mcs64_ms20,Aq_30_HP,7,1
mcs64_ms20,Aq_30_HP,18,299
mcs64_ms20,Aq_30_HP,19,174
mcs64_ms20,Aq_30_HP,20,814
mcs64_ms20,Aq_31_HP,-1,7
mcs64_ms20,Aq_31_HP,0,2
mcs64_ms20,Aq_31_HP,1,1
mcs64_ms20,Aq_31_HP,18,249
mcs64_ms20,Aq_31_HP,19,414
mcs64_ms20,Aq_31_HP,20,1300
mcs64_ms20,Aq_33_HP,-1,22
mcs64_ms20,Aq_33_HP,0,3
mcs64_ms20,Aq_33_HP,1,6
mcs64_ms20,Aq_33_HP,2,1
mcs64_ms20,Aq_33_HP,3,2
mcs64_ms20,Aq_33_HP,4,1
mcs64_ms20,Aq_33_HP,5,3
mcs64_ms20,Aq_33_HP,7,298
mcs64_ms20,Aq_33_HP,9,270
mcs64_ms20,Aq_33_HP,18,417
mcs64_ms20,Aq_33_HP,20,996
mcs64_ms20,Aq_51_HP,-1,35
mcs64_ms20,Aq_51_HP,0,4
mcs64_ms20,Aq_51_HP,1,4
mcs64_ms20,Aq_51_HP,2,5
mcs64_ms20,Aq_51_HP,3,1
mcs64_ms20,Aq_51_HP,7,132
mcs64_ms20,Aq_51_HP,10,390
mcs64_ms20,Aq_51_HP,18,475
mcs64_ms20,Aq_51_HP,19,327
mcs64_ms20,Aq_51_HP,20,2748
mcs64_ms20,DG_1,-1,7
mcs64_ms20,DG_1,1,1
mcs64_ms20,DG_1,7,33
mcs64_ms20,DG_1,9,18
mcs64_ms20,DG_1,18,150
mcs64_ms20,DG_1,19,26
mcs64_ms20,DG_1,20,545
mcs64_ms20,Lime_21_Y_106,-1,25
mcs64_ms20,Lime_21_Y_106,0,219
mcs64_ms20,Lime_21_Y_106,1,42
mcs64_ms20,Lime_21_Y_106,2,340
mcs64_ms20,Lime_21_Y_106,3,102
mcs64_ms20,Lime_21_Y_106,4,171
mcs64_ms20,Lime_21_Y_106,5,8
mcs64_ms20,Lime_21_Y_106,11,389
mcs64_ms20,Lime_21_Y_106,15,1
mcs64_ms20,Lime_21_Y_106,20,1899
mcs64_ms20,Lime_22_Y_107,-1,33
mcs64_ms20,Lime_22_Y_107,20,71
mcs64_ms20,Lime_23_Y_108,-1,76
mcs64_ms20,Lime_23_Y_108,1,27
mcs64_ms20,Lime_23_Y_108,4,1
mcs64_ms20,Lime_23_Y_108,20,343
mcs64_ms20,Lime_24_Y_109,-1,25
mcs64_ms20,Lime_24_Y_109,7,7
mcs64_ms20,Lime_24_Y_109,20,940
mcs64_ms20,Lime_29,-1,78
mcs64_ms20,Lime_29,3,1
mcs64_ms20,Lime_29,7,1
mcs64_ms20,Lime_29,9,1
mcs64_ms20,Lime_29,18,300
mcs64_ms20,Lime_29,19,258
mcs64_ms20,Lime_29,20,451
mcs64_ms20,Lime_30,-1,58
mcs64_ms20,Lime_30,1,18
mcs64_ms20,Lime_30,4,2
mcs64_ms20,Lime_30,7,2
mcs64_ms20,Lime_30,8,120
mcs64_ms20,Lime_30,18,433
mcs64_ms20,Lime_30,20,635
mcs64_ms20,Lime_31_Y_641_06,-1,13
mcs64_ms20,Lime_31_Y_641_06,1,2
mcs64_ms20,Lime_31_Y_641_06,2,29
mcs64_ms20,Lime_31_Y_641_06,3,98
mcs64_ms20,Lime_31_Y_641_06,6,28
mcs64_ms20,Lime_31_Y_641_06,12,1
mcs64_ms20,Lime_31_Y_641_06,14,168
mcs64_ms20,Lime_31_Y_641_06,20,585
mcs64_ms20,Lime_31_Y_641_06,22,123
mcs64_ms20,Lime_72_Y,-1,5
mcs64_ms20,Lime_72_Y,0,2
mcs64_ms20,Lime_72_Y,1,1
mcs64_ms20,Lime_72_Y,2,3
mcs64_ms20,Lime_72_Y,15,161
mcs64_ms20,Lime_72_Y,20,3913
mcs64_ms20,Lime_72_Y,23,922
mcs64_ms20,Lime_74_Y,-1,10
mcs64_ms20,Lime_74_Y,0,101
mcs64_ms20,Lime_74_Y,1,231
mcs64_ms20,Lime_74_Y,2,290
mcs64_ms20,Lime_74_Y,3,549
mcs64_ms20,Lime_74_Y,5,164
mcs64_ms20,Lime_74_Y,6,272
mcs64_ms20,Lime_74_Y,12,811
mcs64_ms20,Lime_74_Y,16,152
mcs64_ms20,Lime_74_Y,20,1434
mcs64_ms20,Lime_74_Y,21,864
mcs32_ms20,Aq_12,-1,45
mcs32_ms20,Aq_12,0,1
mcs32_ms20,Aq_12,1,3
mcs32_ms20,Aq_12,2,2
mcs32_ms20,Aq_12,3,1
mcs32_ms20,Aq_12,6,1
mcs32_ms20,Aq_12,15,383
mcs32_ms20,Aq_12,22,194
mcs32_ms20,Aq_26_HP,-1,42
mcs32_ms20,Aq_26_HP,1,7
mcs32_ms20,Aq_26_HP,6,1
mcs32_ms20,Aq_26_HP,7,3
mcs32_ms20,Aq_26_HP,9,1
mcs32_ms20,Aq_26_HP,19,740
mcs32_ms20,Aq_26_HP,21,468
mcs32_ms20,Aq_26_HP,22,949
mcs32_ms20,Aq_30_HP,-1,24
mcs32_ms20,Aq_30_HP,1,3
mcs32_ms20,Aq_30_HP,2,1
mcs32_ms20,Aq_30_HP,6,1
mcs32_ms20,Aq_30_HP,7,1
mcs32_ms20,Aq_30_HP,9,1
mcs32_ms20,Aq_30_HP,20,299
mcs32_ms20,Aq_30_HP,21,174
mcs32_ms20,Aq_30_HP,22,814
mcs32_ms20,Aq_31_HP,-1,7
mcs32_ms20,Aq_31_HP,0,2
mcs32_ms20,Aq_31_HP,1,1
mcs32_ms20,Aq_31_HP,20,249
mcs32_ms20,Aq_31_HP,21,414
mcs32_ms20,Aq_31_HP,22,1300
mcs32_ms20,Aq_33_HP,-1,22
mcs32_ms20,Aq_33_HP,0,3
mcs32_ms20,Aq_33_HP,1,6
mcs32_ms20,Aq_33_HP,2,1
mcs32_ms20,Aq_33_HP,4,1
mcs32_ms20,Aq_33_HP,6,2
mcs32_ms20,Aq_33_HP,7,3
mcs32_ms20,Aq_33_HP,9,298
mcs32_ms20,Aq_33_HP,11,270
mcs32_ms20,Aq_33_HP,20,417
mcs32_ms20,Aq_33_HP,22,996
mcs32_ms20,Aq_51_HP,-1,35
mcs32_ms20,Aq_51_HP,0,4
mcs32_ms20,Aq_51_HP,1,4
mcs32_ms20,Aq_51_HP,2,5
mcs32_ms20,Aq_51_HP,6,1
mcs32_ms20,Aq_51_HP,9,132
mcs32_ms20,Aq_51_HP,12,390
mcs32_ms20,Aq_51_HP,20,475
mcs32_ms20,Aq_51_HP,21,327
mcs32_ms20,Aq_51_HP,22,2748
mcs32_ms20,DG_1,-1,7
mcs32_ms20,DG_1,1,1
mcs32_ms20,DG_1,9,33
mcs32_ms20,DG_1,11,18
mcs32_ms20,DG_1,20,150
mcs32_ms20,DG_1,21,26
mcs32_ms20,DG_1,22,545
mcs32_ms20,Lime_21_Y_106,-1,25
mcs32_ms20,Lime_21_Y_106,0,219
mcs32_ms20,Lime_21_Y_106,1,42
mcs32_ms20,Lime_21_Y_106,2,340
mcs32_ms20,Lime_21_Y_106,4,171
mcs32_ms20,Lime_21_Y_106,5,33
mcs32_ms20,Lime_21_Y_106,6,69
mcs32_ms20,Lime_21_Y_106,7,8
mcs32_ms20,Lime_21_Y_106,13,389
mcs32_ms20,Lime_21_Y_106,17,1
mcs32_ms20,Lime_21_Y_106,22,1899
mcs32_ms20,Lime_22_Y_107,-1,33
mcs32_ms20,Lime_22_Y_107,22,71
mcs32_ms20,Lime_23_Y_108,-1,43
mcs32_ms20,Lime_23_Y_108,1,27
mcs32_ms20,Lime_23_Y_108,3,33
mcs32_ms20,Lime_23_Y_108,4,1
mcs32_ms20,Lime_23_Y_108,22,343
mcs32_ms20,Lime_24_Y_109,-1,25
mcs32_ms20,Lime_24_Y_109,9,7
mcs32_ms20,Lime_24_Y_109,22,940
mcs32_ms20,Lime_29,-1,78
mcs32_ms20,Lime_29,6,1
mcs32_ms20,Lime_29,9,1
mcs32_ms20,Lime_29,11,1
mcs32_ms20,Lime_29,20,300
mcs32_ms20,Lime_29,21,258
mcs32_ms20,Lime_29,22,451
mcs32_ms20,Lime_30,-1,58
mcs32_ms20,Lime_30,1,18
mcs32_ms20,Lime_30,4,2
mcs32_ms20,Lime_30,9,2
mcs32_ms20,Lime_30,10,120
mcs32_ms20,Lime_30,20,433
mcs32_ms20,Lime_30,22,635
mcs32_ms20,Lime_31_Y_641_06,-1,18
mcs32_ms20,Lime_31_Y_641_06,1,2
mcs32_ms20,Lime_31_Y_641_06,2,29
mcs32_ms20,Lime_31_Y_641_06,6,93
mcs32_ms20,Lime_31_Y_641_06,8,28
mcs32_ms20,Lime_31_Y_641_06,14,1
mcs32_ms20,Lime_31_Y_641_06,16,168
mcs32_ms20,Lime_31_Y_641_06,22,585
mcs32_ms20,Lime_31_Y_641_06,24,123
mcs32_ms20,Lime_72_Y,-1,5
mcs32_ms20,Lime_72_Y,0,2
mcs32_ms20,Lime_72_Y,1,1
mcs32_ms20,Lime_72_Y,2,3
mcs32_ms20,Lime_72_Y,17,161
mcs32_ms20,Lime_72_Y,22,3913
mcs32_ms20,Lime_72_Y,25,922
mcs32_ms20,Lime_74_Y,-1,13
mcs32_ms20,Lime_74_Y,0,101
mcs32_ms20,Lime_74_Y,1,231
mcs32_ms20,Lime_74_Y,2,290
mcs32_ms20,Lime_74_Y,6,546
mcs32_ms20,Lime_74_Y,7,164
mcs32_ms20,Lime_74_Y,8,272
mcs32_ms20,Lime_74_Y,14,811
mcs32_ms20,Lime_74_Y,18,152
mcs32_ms20,Lime_74_Y,22,1434
mcs32_ms20,Lime_74_Y,23,864
mcs128_ms20,Aq_12,-1,43
mcs128_ms20,Aq_12,0,1
mcs128_ms20,Aq_12,1,3
mcs128_ms20,Aq_12,2,2
mcs128_ms20,Aq_12,4,2
mcs128_ms20,Aq_12,11,383
mcs128_ms20,Aq_12,18,194
mcs128_ms20,Aq_12,20,2
mcs128_ms20,Aq_26_HP,-1,41
mcs128_ms20,Aq_26_HP,1,7
mcs128_ms20,Aq_26_HP,3,1
mcs128_ms20,Aq_26_HP,4,1
mcs128_ms20,Aq_26_HP,6,3
mcs128_ms20,Aq_26_HP,8,1
mcs128_ms20,Aq_26_HP,15,740
mcs128_ms20,Aq_26_HP,17,468
mcs128_ms20,Aq_26_HP,18,949
mcs128_ms20,Aq_30_HP,-1,23
mcs128_ms20,Aq_30_HP,1,3
mcs128_ms20,Aq_30_HP,2,1
mcs128_ms20,Aq_30_HP,4,2
mcs128_ms20,Aq_30_HP,6,1
mcs128_ms20,Aq_30_HP,8,1
mcs128_ms20,Aq_30_HP,16,299
mcs128_ms20,Aq_30_HP,17,174
mcs128_ms20,Aq_30_HP,18,814
mcs128_ms20,Aq_31_HP,-1,7
mcs128_ms20,Aq_31_HP,0,2
mcs128_ms20,Aq_31_HP,1,1
mcs128_ms20,Aq_31_HP,16,249
mcs128_ms20,Aq_31_HP,17,414
mcs128_ms20,Aq_31_HP,18,1300
mcs128_ms20,Aq_33_HP,-1,20
mcs128_ms20,Aq_33_HP,0,3
mcs128_ms20,Aq_33_HP,1,6
mcs128_ms20,Aq_33_HP,2,1
mcs128_ms20,Aq_33_HP,3,272
mcs128_ms20,Aq_33_HP,4,2
mcs128_ms20,Aq_33_HP,5,1
mcs128_ms20,Aq_33_HP,6,3
mcs128_ms20,Aq_33_HP,8,298
mcs128_ms20,Aq_33_HP,16,417
mcs128_ms20,Aq_33_HP,18,996
mcs128_ms20,Aq_51_HP,-1,32
mcs128_ms20,Aq_51_HP,0,4
mcs128_ms20,Aq_51_HP,1,4
mcs128_ms20,Aq_51_HP,2,5
mcs128_ms20,Aq_51_HP,3,393
mcs128_ms20,Aq_51_HP,4,1
mcs128_ms20,Aq_51_HP,8,132
mcs128_ms20,Aq_51_HP,16,475
mcs128_ms20,Aq_51_HP,17,327
mcs128_ms20,Aq_51_HP,18,2748
mcs128_ms20,DG_1,-1,6
mcs128_ms20,DG_1,1,1
mcs128_ms20,DG_1,3,19
mcs128_ms20,DG_1,8,33
mcs128_ms20,DG_1,16,150
mcs128_ms20,DG_1,17,26
mcs128_ms20,DG_1,18,545
mcs128_ms20,Lime_21_Y_106,-1,25
mcs128_ms20,Lime_21_Y_106,0,219
mcs128_ms20,Lime_21_Y_106,1,42
mcs128_ms20,Lime_21_Y_106,2,340
mcs128_ms20,Lime_21_Y_106,4,102
mcs128_ms20,Lime_21_Y_106,5,171
mcs128_ms20,Lime_21_Y_106,6,8
mcs128_ms20,Lime_21_Y_106,9,389
mcs128_ms20,Lime_21_Y_106,13,1
mcs128_ms20,Lime_21_Y_106,18,1899
mcs128_ms20,Lime_22_Y_107,-1,33
mcs128_ms20,Lime_22_Y_107,18,71
mcs128_ms20,Lime_23_Y_108,-1,76
mcs128_ms20,Lime_23_Y_108,1,27
mcs128_ms20,Lime_23_Y_108,5,1
mcs128_ms20,Lime_23_Y_108,18,343
mcs128_ms20,Lime_24_Y_109,-1,25
mcs128_ms20,Lime_24_Y_109,8,7
mcs128_ms20,Lime_24_Y_109,18,940
mcs128_ms20,Lime_29,-1,60
mcs128_ms20,Lime_29,3,18
mcs128_ms20,Lime_29,4,1
mcs128_ms20,Lime_29,8,1
mcs128_ms20,Lime_29,16,300
mcs128_ms20,Lime_29,17,258
mcs128_ms20,Lime_29,18,451
mcs128_ms20,Lime_29,20,1
mcs128_ms20,Lime_30,-1,56
mcs128_ms20,Lime_30,1,18
mcs128_ms20,Lime_30,3,122
mcs128_ms20,Lime_30,5,2
mcs128_ms20,Lime_30,8,2
mcs128_ms20,Lime_30,16,433
mcs128_ms20,Lime_30,18,635
mcs128_ms20,Lime_31_Y_641_06,-1,8
mcs128_ms20,Lime_31_Y_641_06,1,2
mcs128_ms20,Lime_31_Y_641_06,2,29
mcs128_ms20,Lime_31_Y_641_06,4,98
mcs128_ms20,Lime_31_Y_641_06,7,28
mcs128_ms20,Lime_31_Y_641_06,10,1
mcs128_ms20,Lime_31_Y_641_06,12,168
mcs128_ms20,Lime_31_Y_641_06,18,585
mcs128_ms20,Lime_31_Y_641_06,20,128
mcs128_ms20,Lime_72_Y,-1,4
mcs128_ms20,Lime_72_Y,0,2
mcs128_ms20,Lime_72_Y,1,1
mcs128_ms20,Lime_72_Y,2,3
mcs128_ms20,Lime_72_Y,13,161
mcs128_ms20,Lime_72_Y,18,3913
mcs128_ms20,Lime_72_Y,20,923
mcs128_ms20,Lime_74_Y,-1,10
mcs128_ms20,Lime_74_Y,0,101
mcs128_ms20,Lime_74_Y,1,231
mcs128_ms20,Lime_74_Y,2,290
mcs128_ms20,Lime_74_Y,4,549
mcs128_ms20,Lime_74_Y,6,164
mcs128_ms20,Lime_74_Y,7,272
mcs128_ms20,Lime_74_Y,10,811
mcs128_ms20,Lime_74_Y,14,152
mcs128_ms20,Lime_74_Y,18,1434
mcs128_ms20,Lime_74_Y,19,864
mcs64_ms40,Aq_12,-1,209
mcs64_ms40,Aq_12,0,411
mcs64_ms40,Aq_12,10,2
mcs64_ms40,Aq_12,26,1
mcs64_ms40,Aq_12,28,2
mcs64_ms40,Aq_12,30,2
mcs64_ms40,Aq_12,37,3
mcs64_ms40,Aq_26_HP,-1,520
mcs64_ms40,Aq_26_HP,1,1
mcs64_ms40,Aq_26_HP,6,739
mcs64_ms40,Aq_26_HP,9,451
mcs64_ms40,Aq_26_HP,30,1
mcs64_ms40,Aq_26_HP,32,3
mcs64_ms40,Aq_26_HP,37,7
mcs64_ms40,Aq_26_HP,38,244
mcs64_ms40,Aq_26_HP,40,214
mcs64_ms40,Aq_26_HP,41,4
mcs64_ms40,Aq_26_HP,43,1
mcs64_ms40,Aq_26_HP,45,26
mcs64_ms40,Aq_30_HP,-1,763
mcs64_ms40,Aq_30_HP,3,1
mcs64_ms40,Aq_30_HP,8,292
mcs64_ms40,Aq_30_HP,9,166
mcs64_ms40,Aq_30_HP,28,1
mcs64_ms40,Aq_30_HP,29,4
mcs64_ms40,Aq_30_HP,30,2
mcs64_ms40,Aq_30_HP,32,1
mcs64_ms40,Aq_30_HP,37,2
mcs64_ms40,Aq_30_HP,38,19
mcs64_ms40,Aq_30_HP,40,3
mcs64_ms40,Aq_30_HP,41,4
mcs64_ms40,Aq_30_HP,43,14
mcs64_ms40,Aq_30_HP,45,46
mcs64_ms40,Aq_31_HP,-1,382
mcs64_ms40,Aq_31_HP,8,246
mcs64_ms40,Aq_31_HP,9,412
mcs64_ms40,Aq_31_HP,11,235
mcs64_ms40,Aq_31_HP,26,2
mcs64_ms40,Aq_31_HP,27,81
mcs64_ms40,Aq_31_HP,37,1
mcs64_ms40,Aq_31_HP,38,135
mcs64_ms40,Aq_31_HP,40,19
mcs64_ms40,Aq_31_HP,41,2
mcs64_ms40,Aq_31_HP,43,121
mcs64_ms40,Aq_31_HP,44,120
mcs64_ms40,Aq_31_HP,45,217
mcs64_ms40,Aq_33_HP,-1,283
mcs64_ms40,Aq_33_HP,1,272
mcs64_ms40,Aq_33_HP,3,298
mcs64_ms40,Aq_33_HP,8,414
mcs64_ms40,Aq_33_HP,26,3
mcs64_ms40,Aq_33_HP,27,90
mcs64_ms40,Aq_33_HP,28,1
mcs64_ms40,Aq_33_HP,30,2
mcs64_ms40,Aq_33_HP,31,1
mcs64_ms40,Aq_33_HP,32,3
mcs64_ms40,Aq_33_HP,37,6
mcs64_ms40,Aq_33_HP,38,158
mcs64_ms40,Aq_33_HP,40,41
mcs64_ms40,Aq_33_HP,41,3
mcs64_ms40,Aq_33_HP,43,213
mcs64_ms40,Aq_33_HP,45,231
mcs64_ms40,Aq_51_HP,-1,1421
mcs64_ms40,Aq_51_HP,1,393
mcs64_ms40,Aq_51_HP,3,131
mcs64_ms40,Aq_51_HP,8,473
mcs64_ms40,Aq_51_HP,9,294
mcs64_ms40,Aq_51_HP,17,59
mcs64_ms40,Aq_51_HP,20,193
mcs64_ms40,Aq_51_HP,26,4
mcs64_ms40,Aq_51_HP,27,188
mcs64_ms40,Aq_51_HP,28,5
mcs64_ms40,Aq_51_HP,29,190
mcs64_ms40,Aq_51_HP,30,2
mcs64_ms40,Aq_51_HP,37,4
mcs64_ms40,Aq_51_HP,38,301
mcs64_ms40,Aq_51_HP,40,105
mcs64_ms40,Aq_51_HP,43,175
mcs64_ms40,Aq_51_HP,45,183
mcs64_ms40,DG_1,-1,368
mcs64_ms40,DG_1,1,19
mcs64_ms40,DG_1,3,33
mcs64_ms40,DG_1,8,136
mcs64_ms40,DG_1,9,25
mcs64_ms40,DG_1,37,1
mcs64_ms40,DG_1,38,99
mcs64_ms40,DG_1,40,19
mcs64_ms40,DG_1,41,7
mcs64_ms40,DG_1,43,7
mcs64_ms40,DG_1,45,66
mcs64_ms40,Lime_21_Y_106,-1,491
mcs64_ms40,Lime_21_Y_106,2,387
mcs64_ms40,Lime_21_Y_106,4,1
mcs64_ms40,Lime_21_Y_106,12,215
mcs64_ms40,Lime_21_Y_106,15,836
mcs64_ms40,Lime_21_Y_106,19,389
mcs64_ms40,Lime_21_Y_106,26,219
mcs64_ms40,Lime_21_Y_106,28,340
mcs64_ms40,Lime_21_Y_106,30,94
mcs64_ms40,Lime_21_Y_106,31,171
mcs64_ms40,Lime_21_Y_106,32,8
mcs64_ms40,Lime_21_Y_106,37,42
mcs64_ms40,Lime_21_Y_106,38,1
mcs64_ms40,Lime_21_Y_106,41,2
mcs64_ms40,Lime_22_Y_107,-1,104
mcs64_ms40,Lime_23_Y_108,-1,269
mcs64_ms40,Lime_23_Y_108,13,115
mcs64_ms40,Lime_23_Y_108,31,1
mcs64_ms40,Lime_23_Y_108,37,27
mcs64_ms40,Lime_23_Y_108,41,35
mcs64_ms40,Lime_24_Y_109,-1,511
mcs64_ms40,Lime_24_Y_109,0,12
mcs64_ms40,Lime_24_Y_109,3,2
mcs64_ms40,Lime_24_Y_109,24,117
mcs64_ms40,Lime_24_Y_109,25,67
mcs64_ms40,Lime_24_Y_109,34,69
mcs64_ms40,Lime_24_Y_109,38,80
mcs64_ms40,Lime_24_Y_109,39,113
mcs64_ms40,Lime_24_Y_109,40,1
mcs64_ms40,Lime_29,-1,525
mcs64_ms40,Lime_29,1,18
mcs64_ms40,Lime_29,8,297
mcs64_ms40,Lime_29,9,240
mcs64_ms40,Lime_29,29,1
mcs64_ms40,Lime_29,30,1
mcs64_ms40,Lime_29,38,1
mcs64_ms40,Lime_29,43,1
mcs64_ms40,Lime_29,45,6
mcs64_ms40,Lime_30,-1,487
mcs64_ms40,Lime_30,1,123
mcs64_ms40,Lime_30,3,2
mcs64_ms40,Lime_30,7,309
mcs64_ms40,Lime_30,8,1
mcs64_ms40,Lime_30,11,126
mcs64_ms40,Lime_30,31,1
mcs64_ms40,Lime_30,32,1
mcs64_ms40,Lime_30,37,18
mcs64_ms40,Lime_30,38,81
mcs64_ms40,Lime_30,40,57
mcs64_ms40,Lime_30,41,18
mcs64_ms40,Lime_30,45,44
mcs64_ms40,Lime_31_Y_641_06,-1,435
mcs64_ms40,Lime_31_Y_641_06,0,169
mcs64_ms40,Lime_31_Y_641_06,10,126
mcs64_ms40,Lime_31_Y_641_06,22,160
mcs64_ms40,Lime_31_Y_641_06,25,1
mcs64_ms40,Lime_31_Y_641_06,28,29
mcs64_ms40,Lime_31_Y_641_06,30,98
mcs64_ms40,Lime_31_Y_641_06,33,26
mcs64_ms40,Lime_31_Y_641_06,37,2
mcs64_ms40,Lime_31_Y_641_06,40,1
mcs64_ms40,Lime_72_Y,-1,505
mcs64_ms40,Lime_72_Y,4,158
mcs64_ms40,Lime_72_Y,10,923
mcs64_ms40,Lime_72_Y,21,890
mcs64_ms40,Lime_72_Y,25,1459
mcs64_ms40,Lime_72_Y,26,2
mcs64_ms40,Lime_72_Y,28,3
mcs64_ms40,Lime_72_Y,30,1
mcs64_ms40,Lime_72_Y,35,213
mcs64_ms40,Lime_72_Y,36,615
mcs64_ms40,Lime_72_Y,37,1
mcs64_ms40,Lime_72_Y,38,1
mcs64_ms40,Lime_72_Y,41,1
mcs64_ms40,Lime_72_Y,42,235
mcs64_ms40,Lime_74_Y,-1,646
mcs64_ms40,Lime_74_Y,0,811
mcs64_ms40,Lime_74_Y,5,152
mcs64_ms40,Lime_74_Y,10,864
mcs64_ms40,Lime_74_Y,14,136
mcs64_ms40,Lime_74_Y,16,264
mcs64_ms40,Lime_74_Y,17,8
mcs64_ms40,Lime_74_Y,18,146
mcs64_ms40,Lime_74_Y,23,166
mcs64_ms40,Lime_74_Y,26,101
mcs64_ms40,Lime_74_Y,28,290
mcs64_ms40,Lime_74_Y,30,549
mcs64_ms40,Lime_74_Y,32,163
mcs64_ms40,Lime_74_Y,33,270
mcs64_ms40,Lime_74_Y,37,229
mcs64_ms40,Lime_74_Y,38,12
mcs64_ms40,Lime_74_Y,40,2
mcs64_ms40,Lime_74_Y,41,69
