mean,standard_deviation,ci_low,ci_high,confidence,repeats,sample_size,orientation,bird_id,metric,n_samples
0.018596257761167124,0.017964296755525355,0.00012301603543525444,0.05321535710571977,0.95,100,,0=more_clusterable; 0.5=spatial_randomness,Aq_12,euclidean,633
0.0016986354687910368,0.0023001647740164546,5.3459315795687923e-05,0.007170437657918045,0.95,100,,0=more_clusterable; 0.5=spatial_randomness,Lime_21_Y_106,euclidean,3208
0.05837854280179638,0.1571825001011431,1.1681895358560778e-05,0.536910631366095,0.95,100,,0=more_clusterable; 0.5=spatial_randomness,Lime_22_Y_107,euclidean,104
0.01694024175284275,0.0331455310120768,2.2306249024785377e-05,0.10495686339525685,0.95,100,,0=more_clusterable; 0.5=spatial_randomness,Lime_23_Y_108,euclidean,448
0.010297948400208597,0.01694587923161132,2.227525146908605e-05,0.05623935723004601,0.95,100,,0=more_clusterable; 0.5=spatial_randomness,Lime_24_Y_109,euclidean,973
0.012156012237583905,0.01983797386413939,7.691271081971522e-05,0.06853947599085869,0.95,100,,0=more_clusterable; 0.5=spatial_randomness,Lime_31_Y_641_06,euclidean,1050
0.003761024777533663,0.005960223301873598,6.686722900430111e-05,0.017749202742663093,0.95,100,,0=more_clusterable; 0.5=spatial_randomness,Lime_72_Y,euclidean,5007
0.0005460152138600501,0.001900877338365635,6.012792329505265e-05,0.008686086906595987,0.95,100,,0=more_clusterable; 0.5=spatial_randomness,Lime_74_Y,euclidean,4881
0.04700916591649335,0.05167429322617715,0.0001269266487320584,0.16063515228146982,0.95,100,,0=more_clusterable; 0.5=spatial_randomness,Aq_12,cosine,633
0.0018320727361794346,0.002743186744071731,4.8808999064479086e-05,0.0077801477891886305,0.95,100,,0=more_clusterable; 0.5=spatial_randomness,Lime_21_Y_106,cosine,3208
0.0004133755431500347,0.00048214396071617706,1.991639905744346e-06,0.0014302423828627495,0.95,100,,0=more_clusterable; 0.5=spatial_randomness,Lime_22_Y_107,cosine,104
0.016225259348150948,0.03144535554897741,1.0201662667755924e-05,0.10907593230455727,0.95,100,,0=more_clusterable; 0.5=spatial_randomness,Lime_23_Y_108,cosine,448
0.009159354830155352,0.013835126222779633,1.4694613923078016e-05,0.04115552875257672,0.95,100,,0=more_clusterable; 0.5=spatial_randomness,Lime_24_Y_109,cosine,973
0.007167400483986622,0.013279025305781051,4.111000419607586e-05,0.05299024992717298,0.95,100,,0=more_clusterable; 0.5=spatial_randomness,Lime_31_Y_641_06,cosine,1050
0.005289289881768728,0.007945294320869161,7.113805729312635e-05,0.025984823582316782,0.95,100,,0=more_clusterable; 0.5=spatial_randomness,Lime_72_Y,cosine,5007
0.0003617158067696625,0.0005417621744787921,6.437225703006676e-05,0.0016673304557876987,0.95,100,,0=more_clusterable; 0.5=spatial_randomness,Lime_74_Y,cosine,4881
