variant,scope,n,sample_size,mean,sd,repeat_q025,repeat_q975
phate_cosine,ALL,31061,3107,0.00024809351274417824,4.7186161618690746e-05,0.00017768035402418632,0.00035910622290622927
phate_cosine,Aq_12,630,63,0.013634645563900488,0.017790759111798116,0.0005143509773251159,0.06854900401323065
phate_cosine,Aq_26_HP,2211,222,0.0008173861349656367,0.0005339304521941038,0.0001456166979296716,0.002021580806175708
phate_cosine,Aq_30_HP,1318,132,0.0018114165138462617,0.001982144261451057,0.00017453856338306756,0.007331899065539511
phate_cosine,Aq_31_HP,1973,198,0.004123416517724515,0.0076620231466897545,7.552672682368191e-05,0.02438794082110633
phate_cosine,Aq_33_HP,2019,202,0.0017092622133013085,0.0038112355135522446,2.631400474367424e-05,0.014658240002576654
phate_cosine,Aq_51_HP,4121,413,0.0008945939532098525,0.0007054993117782724,9.507364490479432e-05,0.002560790028864391
phate_cosine,DG_1,780,78,0.004027770957743237,0.007674350375690228,9.97333109000875e-05,0.020438628033988923
phate_cosine,Lime_21_Y_106,3196,320,0.0010448351430315049,0.0011079189666546206,9.740073832635495e-05,0.00390326769217103
phate_cosine,Lime_22_Y_107,104,11,0.0009477339079970211,0.0009573488084808008,5.476745054874121e-05,0.0034899416521352324
phate_cosine,Lime_23_Y_108,447,45,0.003977800127298248,0.003314750886448228,0.000222840710971187,0.011211667821071872
phate_cosine,Lime_24_Y_109,972,98,0.01195233640133777,0.02376058156450726,0.00015053432509301115,0.09562402175575808
phate_cosine,Lime_29,1090,109,0.0018522835804544934,0.002237298435766709,0.00015750875377009368,0.00774782910433354
phate_cosine,Lime_30,1268,127,0.0020085260196710305,0.0025462019052690894,5.728240810262666e-05,0.008098909820935916
phate_cosine,Lime_31_Y_641_06,1047,105,0.003797507129731011,0.004552476268242839,0.0002751679725239152,0.01417302505502818
phate_cosine,Lime_72_Y,5007,501,0.0011836700385826986,0.00189054313111688,6.127125915897242e-05,0.00661390294073973
phate_cosine,Lime_74_Y,4878,488,0.0005985960510492075,0.0005083258916298005,9.418468199147683e-05,0.0018246679634574318
phate_cosine,aq12_family,16281,1629,0.00039031292573293077,9.56681594038933e-05,0.00024963256771618993,0.0006131638417361216
phate_cosine,dg1_family,14780,1478,0.0002649649149088176,0.00013149678358798743,0.00011958797311392347,0.000655074038786893
umap_cosine,ALL,31061,3107,0.0004637677566959102,0.0002715560150151049,0.00025728646654726286,0.0011605561881548685
umap_cosine,Aq_12,630,63,0.046110266906503064,0.05547753849873363,0.00012978194175953647,0.1903787547638341
umap_cosine,Aq_26_HP,2211,222,0.0069633216079347145,0.007687677863641251,0.00012649885057522409,0.021981490515408354
umap_cosine,Aq_30_HP,1318,132,0.0060646366334634275,0.0060927203379253616,0.00027889931659479025,0.017561430272576242
umap_cosine,Aq_31_HP,1973,198,0.008039903219820354,0.0185146649222286,6.106801919917707e-05,0.0554848935477573
umap_cosine,Aq_33_HP,2019,202,0.003736066054744487,0.005139651778261191,3.2874419524801126e-05,0.01568446620082558
umap_cosine,Aq_51_HP,4121,413,0.001834953194670863,0.002610971433452227,0.00010138027446408126,0.008765940604280823
umap_cosine,DG_1,780,78,0.014976821646534855,0.02792309297713167,0.00012444422554866284,0.07593948527052785
umap_cosine,Lime_21_Y_106,3196,320,0.0023471323144586814,0.002866331273021958,4.783202041797766e-05,0.009802786815467522
umap_cosine,Lime_22_Y_107,104,11,0.00228143337576081,0.003665828726961746,2.941817163114081e-05,0.013250101424033092
umap_cosine,Lime_23_Y_108,447,45,0.009511389625402574,0.011309290571017946,2.5522103430281793e-05,0.029407484170849763
umap_cosine,Lime_24_Y_109,972,98,0.013815086388910778,0.017356296282705266,0.00016641070259263395,0.054869769254586705
umap_cosine,Lime_29,1090,109,0.019193896804900527,0.02599234840021671,0.00031061351631995565,0.10142086269551008
umap_cosine,Lime_30,1268,127,0.00517408632817041,0.006597462491185638,6.0880216125065794e-05,0.023254697760696937
umap_cosine,Lime_31_Y_641_06,1047,105,0.0063166827460462505,0.01420356237477727,4.4513517089538985e-05,0.056556787538057186
umap_cosine,Lime_72_Y,5007,501,0.0027845692675811406,0.0035619211832577944,5.4872213472236774e-05,0.011577936287875389
umap_cosine,Lime_74_Y,4878,488,0.0009961720288515037,0.0014748303408624488,2.6753699298833107e-05,0.004093209031504901
umap_cosine,aq12_family,16281,1629,0.000858032113138745,0.0012846548320659822,0.0001932863502167235,0.004839932482791686
umap_cosine,dg1_family,14780,1478,0.0006458062478261264,0.0008088971614260736,0.00011411199974383992,0.002695276654527936
pca_euclidean,ALL,31061,3107,0.001980831123627033,0.0003595141092423338,0.0014623984915944795,0.0028319511512860025
pca_euclidean,Aq_12,630,63,0.010708850617615208,0.01395456359376208,0.002020211386965417,0.05408173922423937
pca_euclidean,Aq_26_HP,2211,222,0.002930488311460992,0.0021530268062194395,0.0009043556330130925,0.0076704753855454146
pca_euclidean,Aq_30_HP,1318,132,0.0029602926609566638,0.000958957738192852,0.0015817475374017367,0.005427756884611839
pca_euclidean,Aq_31_HP,1973,198,0.002087785012337073,0.0008420610831522083,0.0008765364354934605,0.004089565765740052
pca_euclidean,Aq_33_HP,2019,202,0.0038992838201150426,0.004708634313651099,0.0008769324600580628,0.017856403691944404
pca_euclidean,Aq_51_HP,4121,413,0.00161972528306385,0.0004909871321359155,0.000905774625990924,0.00270137191496421
pca_euclidean,DG_1,780,78,0.0035416159098823115,0.0018135513163698798,0.001239837907312473,0.008237532265012637
pca_euclidean,Lime_21_Y_106,3196,320,0.0015842447872832588,0.0006950833776292975,0.0006461651729391992,0.003369821449819407
pca_euclidean,Lime_22_Y_107,104,11,0.09582840075802754,0.15095148145930137,0.007139484154460377,0.5152301546660677
pca_euclidean,Lime_23_Y_108,447,45,0.01594468972237741,0.007648570885423934,0.006818747486081788,0.03473895786624241
pca_euclidean,Lime_24_Y_109,972,98,0.007997730711280952,0.006874658855177343,0.0007130461256177491,0.027467407606088994
pca_euclidean,Lime_29,1090,109,0.005625961704135999,0.0023558231488640955,0.0023128376773881736,0.011492848326257764
pca_euclidean,Lime_30,1268,127,0.002393203291511708,0.0018711447575072036,0.0008219232680255864,0.0075647382313014915
pca_euclidean,Lime_31_Y_641_06,1047,105,0.005403953365663604,0.012025006147620098,0.0008492130132885191,0.04988433901427063
pca_euclidean,Lime_72_Y,5007,501,0.0006452956304976374,0.0002591604564012549,0.0003197338229675767,0.0011950443737362324
pca_euclidean,Lime_74_Y,4878,488,0.0010792949099282544,0.00022257171689067732,0.0007622693175367973,0.0015649116114885323
pca_euclidean,aq12_family,16281,1629,0.0017099146529329216,0.0004173668662045706,0.0011616628974198385,0.0027379555385650747
pca_euclidean,dg1_family,14780,1478,0.001684731060635465,0.00033608452790923,0.0011019863776068222,0.0023762983696328033
tsne_euclidean,ALL,31061,3107,0.025184754443957433,0.0016881708177592103,0.022415874361016292,0.028596915860729693
tsne_euclidean,Aq_12,630,63,0.0496288880531834,0.03811357423219357,0.003386238250411372,0.13689567338664171
tsne_euclidean,Aq_26_HP,2211,222,0.01359061047389482,0.009447025315208739,0.0023822871415255936,0.033531754902740185
tsne_euclidean,Aq_30_HP,1318,132,0.031136198358676762,0.02490615936820237,0.00355790301064541,0.08994552741439032
tsne_euclidean,Aq_31_HP,1973,198,0.018979338203097794,0.027433586860807452,0.0014591487055831054,0.0890671467975057
tsne_euclidean,Aq_33_HP,2019,202,0.01456838141200449,0.017775653652183598,0.0008997851126496527,0.058951397624536966
tsne_euclidean,Aq_51_HP,4121,413,0.010734914162914248,0.010669736623869835,0.0025656963029087668,0.03909450768849773
tsne_euclidean,DG_1,780,78,0.04839803302682302,0.06144260281304419,0.0049413760442216835,0.21524067687521373
tsne_euclidean,Lime_21_Y_106,3196,320,0.00782427740999869,0.006519424418705191,0.0009138419037485988,0.021103416353650775
tsne_euclidean,Lime_22_Y_107,104,11,0.09781194345870738,0.0962802650141125,0.00039542721120511054,0.29199642529987424
tsne_euclidean,Lime_23_Y_108,447,45,0.025478859665188095,0.024969756562439625,0.0004421579606349463,0.0911588995765792
tsne_euclidean,Lime_24_Y_109,972,98,0.025389445399531294,0.020344358457287662,0.001553863982327044,0.07064712469306425
tsne_euclidean,Lime_29,1090,109,0.03171836474189545,0.020136307577051732,0.004671720693340146,0.07595258708667864
tsne_euclidean,Lime_30,1268,127,0.01730969794073889,0.01325057805620079,0.0014358203190133697,0.04752967571043951
tsne_euclidean,Lime_31_Y_641_06,1047,105,0.011676336134731837,0.009966085733771243,0.0009607418983219687,0.03166161683910571
tsne_euclidean,Lime_72_Y,5007,501,0.007600934759485487,0.008531702408759103,0.0010216808865579894,0.02969663080007483
tsne_euclidean,Lime_74_Y,4878,488,0.004128413346101119,0.00507119866435312,0.0009104289942630882,0.020893824201703118
tsne_euclidean,aq12_family,16281,1629,0.009703823456738281,0.0026268526284984094,0.006018401329759797,0.015808485772538485
tsne_euclidean,dg1_family,14780,1478,0.00542493374402352,0.0016267896246404457,0.0034893439191804924,0.009819154521460496
pcoa_cosine,ALL,31061,3107,9.105761835674397e-05,2.8767049564406928e-05,5.84207241354194e-05,0.0001618502416679985
pcoa_cosine,Aq_12,630,63,0.0038800374434422203,0.005869413158865658,0.0003454228666526763,0.02157697194062918
pcoa_cosine,Aq_26_HP,2211,222,0.0015862980926701561,0.0014545967657438492,0.00044605093620280563,0.006261722041383869
pcoa_cosine,Aq_30_HP,1318,132,0.002514642985948404,0.003444301878637229,0.0005032056649033384,0.014676300850756316
pcoa_cosine,Aq_31_HP,1973,198,0.0008249553323040723,0.0009537040572822306,0.00015509332752948978,0.003193149396053758
pcoa_cosine,Aq_33_HP,2019,202,0.0006705007017574205,0.0006970302794160693,9.527841394049574e-05,0.002589123148981821
pcoa_cosine,Aq_51_HP,4121,413,0.00025429669877547617,9.438113622771424e-05,0.00012496420647661703,0.0004996217827717687
pcoa_cosine,DG_1,780,78,0.004220661270268215,0.004827194244626138,0.0004900868300161316,0.016869586237204928
pcoa_cosine,Lime_21_Y_106,3196,320,0.00022450077309372406,7.838901721940831e-05,9.832846232325871e-05,0.0003853654339385102
pcoa_cosine,Lime_22_Y_107,104,11,0.058717169109089466,0.05743127441818833,0.0061141784022613905,0.20667267763779296
pcoa_cosine,Lime_23_Y_108,447,45,0.007416467475927831,0.006452753078056226,0.0019135015791309994,0.025278556868550076
pcoa_cosine,Lime_24_Y_109,972,98,0.0051885862832973684,0.008067973936335304,0.0005911803686031828,0.029367408447579343
pcoa_cosine,Lime_29,1090,109,0.003362164553281354,0.005959032343573637,0.00033309485706194353,0.023824048812630023
pcoa_cosine,Lime_30,1268,127,0.001998397156240123,0.0016124789356748068,0.0004986831272611587,0.006398439223138391
pcoa_cosine,Lime_31_Y_641_06,1047,105,0.0017641113793350508,0.0039430626503611345,0.0002612316692475586,0.01741030736056797
pcoa_cosine,Lime_72_Y,5007,501,0.00029750904972318277,0.0003159913787755551,8.063706135575311e-05,0.0012806192018351632
pcoa_cosine,Lime_74_Y,4878,488,9.983761299645394e-05,2.6857308210187726e-05,6.288641684735853e-05,0.00015404470499956572
pcoa_cosine,aq12_family,16281,1629,0.00015128894178830936,6.992503162923683e-05,8.757530687622634e-05,0.00033495928214388705
pcoa_cosine,dg1_family,14780,1478,0.00015888313804040576,7.098814881201149e-05,8.484507768354992e-05,0.00035334532017005694
umap_euclidean,ALL,31061,3107,0.00030343474584716424,4.708218938934219e-05,0.0002358743093367057,0.00040522181784156724
umap_euclidean,Aq_12,630,63,0.028421688410449907,0.028270975907799978,0.00016207799522278298,0.09192930550056308
umap_euclidean,Aq_26_HP,2211,222,0.016928889872986148,0.0177558157348581,0.0002556894485869938,0.056795529461735814
umap_euclidean,Aq_30_HP,1318,132,0.02250889975735429,0.029564025639328556,0.0004465117017454281,0.09213075861586664
umap_euclidean,Aq_31_HP,1973,198,0.009116274927067545,0.013057279989989595,0.00010824567161712733,0.04413331723357383
umap_euclidean,Aq_33_HP,2019,202,0.010960611215990755,0.01590466696685964,5.9735975862114935e-05,0.04221410404020189
umap_euclidean,Aq_51_HP,4121,413,0.004108667898997306,0.004748004588054768,0.00011471212709612979,0.017732382827407342
umap_euclidean,DG_1,780,78,0.00903614095456917,0.013942578429230157,0.00017056380434573955,0.04384021385009154
umap_euclidean,Lime_21_Y_106,3196,320,0.003393366529257764,0.004406048311013849,3.596412666879985e-05,0.015603389088200175
umap_euclidean,Lime_22_Y_107,104,11,0.0036165020943860517,0.005077123498454562,3.1462923199228325e-05,0.019962911676171938
umap_euclidean,Lime_23_Y_108,447,45,0.01765660149942864,0.0280974181789783,4.294995097644351e-05,0.09386787460426331
umap_euclidean,Lime_24_Y_109,972,98,0.033546451994782095,0.03304878412393136,0.0002176132993838818,0.10656865682295542
umap_euclidean,Lime_29,1090,109,0.04069498948151334,0.043279488315639984,0.0005323694833794123,0.15160950421949557
umap_euclidean,Lime_30,1268,127,0.008950570350390872,0.012486663998960364,6.130541092420617e-05,0.04601076789389872
umap_euclidean,Lime_31_Y_641_06,1047,105,0.006352670414281019,0.009331003388681073,6.456597741175925e-05,0.03133577768290133
umap_euclidean,Lime_72_Y,5007,501,0.004459583453156518,0.0050393712325781685,6.932909916559288e-05,0.01647912849129311
umap_euclidean,Lime_74_Y,4878,488,0.0006349624467842249,0.0012088165543686531,5.136621051702519e-05,0.003362357359802863
umap_euclidean,aq12_family,16281,1629,0.001249590622432542,0.0015986908175669684,0.00021023487613936294,0.00586276410613688
umap_euclidean,dg1_family,14780,1478,0.002241244606190678,0.002189671701677396,0.00022850056482797372,0.008198620034597263
phate_euclidean,ALL,31061,3107,0.001127743635348803,0.0005971872397955848,0.0006323750413958647,0.002889096361170528
phate_euclidean,Aq_12,630,63,0.03257400847902808,0.03546799696209196,0.0026479336279678113,0.12312160413369869
phate_euclidean,Aq_26_HP,2211,222,0.0013019173174142614,0.0009545208547717051,0.00015988254101276193,0.003734768585692752
phate_euclidean,Aq_30_HP,1318,132,0.0017568192539206351,0.0015025141039172675,0.0001460035912437108,0.005092001710430361
phate_euclidean,Aq_31_HP,1973,198,0.0015643968038361984,0.00306903283541617,8.026321233081238e-05,0.009664713666331488
phate_euclidean,Aq_33_HP,2019,202,0.0038402331799036716,0.005740003076130302,6.743342046350631e-05,0.01646327007174291
phate_euclidean,Aq_51_HP,4121,413,0.000714245508256052,0.0007352837301241891,5.625777364758217e-05,0.0026193354948995102
phate_euclidean,DG_1,780,78,0.0032565670451038427,0.006283019992190107,0.0001149960864687774,0.01605831224187935
phate_euclidean,Lime_21_Y_106,3196,320,0.001213316265868699,0.0013655555825940876,3.8305524032954976e-05,0.00468759964948689
phate_euclidean,Lime_22_Y_107,104,11,0.0019155761274970442,0.002202769842208211,5.430816040987425e-05,0.007493749030726137
phate_euclidean,Lime_23_Y_108,447,45,0.003496016279029953,0.003231186313498262,0.0002971456224623642,0.012017939911568501
phate_euclidean,Lime_24_Y_109,972,98,0.006870822956605187,0.008991169300161132,0.00021517504578225793,0.032774408585075646
phate_euclidean,Lime_29,1090,109,0.0011439559799360027,0.0009409873238780659,0.00015353759609588316,0.0038887094823387694
phate_euclidean,Lime_30,1268,127,0.001927191077345925,0.002028647434884405,8.34113310383641e-05,0.006894144724163047
phate_euclidean,Lime_31_Y_641_06,1047,105,0.0025038747039842556,0.0050201765314472225,0.0002997451674546927,0.02086190387038915
phate_euclidean,Lime_72_Y,5007,501,0.001193343623975448,0.0015014939243924482,6.0492152690617795e-05,0.005243906381478974
phate_euclidean,Lime_74_Y,4878,488,0.0003678757727047555,0.00027510541128639615,8.62879381218252e-05,0.0010376900475100252
phate_euclidean,aq12_family,16281,1629,0.0009626761625852261,0.00023081302604454699,0.0006041611870644539,0.0014427895372419407
phate_euclidean,dg1_family,14780,1478,0.0004795855939044245,0.00036682629997601614,0.00016809259169144777,0.0014711386022791479
tsne_cosine,ALL,31061,3107,0.01861730708661782,0.0013360627674504594,0.01611085968980884,0.02130303008639082
tsne_cosine,Aq_12,630,63,0.056227036854603146,0.047087402619651886,0.0015947878975463917,0.16756312753166783
tsne_cosine,Aq_26_HP,2211,222,0.017459791961811653,0.014644244141445106,0.0022200454810062807,0.052586463008458595
tsne_cosine,Aq_30_HP,1318,132,0.01582149446683264,0.012910776179992048,0.0023777869658869696,0.04637027955117787
tsne_cosine,Aq_31_HP,1973,198,0.012181255469214301,0.016388378259691878,0.0009415402521194159,0.0529500306041341
tsne_cosine,Aq_33_HP,2019,202,0.011437545495944022,0.010922503726204477,0.0007303263461129194,0.03771034894908148
tsne_cosine,Aq_51_HP,4121,413,0.011913758843730797,0.010542496589162528,0.0021155300417734424,0.03791637169568628
tsne_cosine,DG_1,780,78,0.04018832679639797,0.06149080328210764,0.001514535176954007,0.19723820369249034
tsne_cosine,Lime_21_Y_106,3196,320,0.00710478710534718,0.005745475062793329,0.0009832412206853347,0.021927845202761607
tsne_cosine,Lime_22_Y_107,104,11,0.03742467486414455,0.046476698904943534,0.00010993319709283301,0.1598698485608789
tsne_cosine,Lime_23_Y_108,447,45,0.027188176870265878,0.025842455442264635,0.00023089939994773865,0.08616966130638465
tsne_cosine,Lime_24_Y_109,972,98,0.02044570776217767,0.024761106109794134,0.0010537302409709467,0.07513881575463299
tsne_cosine,Lime_29,1090,109,0.03653177043290922,0.029256897257426407,0.0022218743261141452,0.10324561409622461
tsne_cosine,Lime_30,1268,127,0.0219602371695572,0.01671531954426029,0.0018198285494137984,0.05848284637054457
tsne_cosine,Lime_31_Y_641_06,1047,105,0.01326006975777612,0.016569080160139662,0.0005683925259550334,0.05944732942937264
tsne_cosine,Lime_72_Y,5007,501,0.0075580453257125535,0.010427025460391728,0.0007627543397142874,0.03625619193977248
tsne_cosine,Lime_74_Y,4878,488,0.003818378713181445,0.0045421823285908755,0.0007128951320148851,0.01554720755716028
tsne_cosine,aq12_family,16281,1629,0.00564245812781449,0.0010533266875832241,0.00412791023605902,0.008251769365686352
tsne_cosine,dg1_family,14780,1478,0.006112171289433374,0.0022851304601788384,0.003456729200778915,0.010892991936632459
