syllable_id,bird_id,recording_id,duration_s,cluster,membership_strength
Aq_12::2018-08-11::AQ12_43323.32195416_8_11_8_56_35::1,Aq_12,AQ12_43323.32195416_8_11_8_56_35,0.0367800453514739,20,1.0
Aq_30_HP::2018-09-08::AQ30_43351.31674106_9_8_8_47_54::12,Aq_30_HP,AQ30_43351.31674106_9_8_8_47_54,0.1617800453514757,18,1.0
Aq_26_HP::2018-12-21::Aq26HP_43455.37243431_12_21_10_20_43::11,Aq_26_HP,Aq26HP_43455.37243431_12_21_10_20_43,0.1217800453514743,19,1.0
Lime_72_Y::2018-11-17::Lime72Y_43421.28003337_11_17_7_46_43::12,Lime_72_Y,Lime72Y_43421.28003337_11_17_7_46_43,0.1117800453514741,23,1.0
Lime_74_Y::2018-11-17::Lime74Y_43421.27991805_11_17_7_46_31::7,Lime_74_Y,Lime74Y_43421.27991805_11_17_7_46_31,0.1017800453514738,21,1.0
Lime_74_Y::2018-11-17::Lime74Y_43421.27975248_11_17_7_46_15::22,Lime_74_Y,Lime74Y_43421.27975248_11_17_7_46_15,0.1467800453514725,12,1.0
Aq_30_HP::2018-09-10::AQ30_43353.33525842_9_10_9_18_45::0,Aq_30_HP,AQ30_43353.33525842_9_10_9_18_45,0.0117800453514739,3,1.0
Aq_26_HP::2018-12-25::Aq26HP_43459.47866930_12_25_13_17_46::11,Aq_26_HP,Aq26HP_43459.47866930_12_25_13_17_46,0.176780045351474,17,1.0
Aq_30_HP::2018-09-12::AQ30_43355.43482926_9_12_12_4_42::0,Aq_30_HP,AQ30_43355.43482926_9_12_12_4_42,0.0067800453514738,2,1.0
Aq_33_HP::2018-09-29::AQ33_43372.32395869_9_29_8_59_55::4,Aq_33_HP,AQ33_43372.32395869_9_29_8_59_55,0.1517800453514739,7,1.0
Aq_51_HP::2018-12-08::Ag51HP_43442.29530658_12_8_8_12_10::37,Aq_51_HP,Ag51HP_43442.29530658_12_8_8_12_10,0.186780045351476,10,1.0
Lime_21_Y_106::2019-01-31::LIME21Y106_43496.32736777_1_31_9_5_36::10,Lime_21_Y_106,LIME21Y106_43496.32736777_1_31_9_5_36,0.1617800453514739,11,1.0
Aq_12::2018-08-14::AQ12_43326.37949581_8_14_10_32_29::10,Aq_12,AQ12_43326.37949581_8_14_10_32_29,0.1617800453514744,13,1.0
Lime_74_Y::2018-11-17::Lime74Y_43421.27952109_11_17_7_45_52::2,Lime_74_Y,Lime74Y_43421.27952109_11_17_7_45_52,0.0217800453514751,1,1.0
Aq_33_HP::2018-09-30::AQ33_43373.32227973_9_30_8_57_7::1,Aq_33_HP,AQ33_43373.32227973_9_30_8_57_7,0.0017800453514738,0,1.0
Lime_74_Y::2018-11-17::Lime74Y_43421.27952109_11_17_7_45_52::10,Lime_74_Y,Lime74Y_43421.27952109_11_17_7_45_52,0.0167800453514708,6,1.0
